class_id,canonical_name,pgfa_description,smie_description,sa_dvae_description,star_description,pgfa_description_chars,pgfa_description_tokens,smie_description_chars,smie_description_tokens,sa_dvae_description_chars,sa_dvae_description_tokens,star_description_chars,star_description_tokens
0,Drink water,"""Drink water"" refers to the act of taking in water by mouth to hydrate or quench thirst as a human action.","""Drink water"" refers to the act of taking in water by mouth to hydrate or quench thirst as a human action.","""Drink water"" refers to the act of taking in water by mouth to hydrate or quench thirst as a human action.","drink water; Head: Tilts slightly back to allow the water to flow down the throat; Hand: Grasps the water container (like a glass or a bottle) securely; Arm: Raises the water container towards the mouth for drinking; Hip: Maintains balance and stability while drinking; Leg: May shift weight slightly to support the body's position; Foot: May adjust position for stability, especially if standing or walking while drinking.",106,21,106,21,106,21,423,67
1,Eat meal/snack,"""Eat meal/snack"" is consuming food for sustenance, nourishment, or pleasure.","""Eat meal/snack"" is consuming food for sustenance, nourishment, or pleasure.","""Eat meal/snack"" is consuming food for sustenance, nourishment, or pleasure.","eat meal; Head: Bends slightly forward to bring the food closer to the mouth; Hand: Holds utensils (like a fork or spoon) to pick up and guide food into the mouth; Arm: Lifts the utensil or brings food to the mouth; Hip: Provides stability and balance while seated or standing during the meal; Leg: May shift position slightly for comfort or to support the body's weight; Foot: Remains planted or adjusts position for stability, especially when seated.",76,10,76,10,76,10,452,77
2,Brushing teeth,"""Brushing teeth"" is the act of cleaning teeth and gums using a toothbrush and toothpaste for oral hygiene.","""Brushing teeth"" is the act of cleaning teeth and gums using a toothbrush and toothpaste for oral hygiene.","""Brushing teeth"" is the act of cleaning teeth and gums using a toothbrush and toothpaste for oral hygiene.","brush teeth; Head: Leans over the sink to allow access to the mouth and keep toothpaste from dripping; Hand: Holds the toothbrush firmly and controls its movements; Arm: Guides the toothbrush in circular or back-and-forth motions to clean all teeth surfaces; Hip: Maintains balance and stability while standing at the sink; Leg: May shift weight slightly for comfort or support during brushing; Foot: Remains grounded or may adjust position for stability, especially if standing on one foot while brushing.",106,18,106,18,106,18,506,79
3,Brushing hair,"""Brushing hair"" involves using a brush or comb to groom and style hair.","""Brushing hair"" involves using a brush or comb to groom and style hair.","""Brushing hair"" involves using a brush or comb to groom and style hair.","brush hair; Head: May tilt slightly forward or to the side to allow better access to different sections of the hair; Hand: Holds the hairbrush firmly and controls its movements; Arm: Guides the hairbrush through the hair, brushing from root to tip; Hip: Provides stability and balance while standing or sitting during brushing; Leg: May shift weight slightly for comfort or support during brushing; Foot: Remains planted or may adjust position for stability, especially if standing while brushing hair.",71,13,71,13,71,13,502,79
4,Drop,"""Drop"" refers to accidentally or intentionally releasing an object from one's grasp, allowing it to fall to the ground or another surface.","""Drop"" refers to accidentally or intentionally releasing an object from one's grasp, allowing it to fall to the ground or another surface.","""Drop"" refers to accidentally or intentionally releasing an object from one's grasp, allowing it to fall to the ground or another surface.",drop; Head: Might instinctively turn to look at the object as it falls; Hand: May release the object accidentally or intentionally; Arm: Can move in a reflexive motion to attempt to catch or break the fall of the object; Hip: May shift slightly in reaction to the movement of the arm; Leg: Might adjust position to provide stability or to move out of the way of the falling object; Foot: Could also shift position for stability or to avoid the falling object;,138,22,138,22,138,22,459,82
5,Pickup,“Pickup” involves lifting or grasping an object with one's hands.,“Pickup” involves lifting or grasping an object with one's hands.,“Pickup” involves lifting or grasping an object with one's hands.,"pick up; Head: May glance down to locate the object; Hand: Reaches out and grasps the object firmly; Arm: Extends toward the object to facilitate picking it up; Hip: May shift slightly to provide balance and support during the motion of picking up the object; Leg: Might bend at the knee to lower the body closer to the object; Foot: Can adjust position for stability, especially if balancing on one foot while picking up the object.",65,10,65,10,65,10,433,76
6,Throw,"""Throw"" is the act of projecting an object through the air by using the hand or arm.","""Throw"" is the act of projecting an object through the air by using the hand or arm.","""Throw"" is the act of projecting an object through the air by using the hand or arm.","throw; Head: Often turns to focus on the target or the direction of the throw; Hand: Grasps the object securely and provides the force for the throw; Arm: Swings backward to generate momentum, then moves forward quickly to release the object; Hip: Rotates slightly to transfer power from the lower body to the throwing arm; Leg: May step forward or push off the ground to add force to the throw; Foot: Provides stability and balance during the throwing motion, often pivoting or pushing off the ground for additional power.",84,17,84,17,84,17,523,89
7,Sitting down,"""Sitting down"" involves moving from a standing position to a seated position.","""Sitting down"" involves moving from a standing position to a seated position.","""Sitting down"" involves moving from a standing position to a seated position.","sit down; Head: May tilt slightly forward or remain upright as the body lowers; Hand: Can reach for a surface or support, such as a chair or a nearby object, to aid in the sitting process; Arm: May extend backward to support the body's weight or reach for the seat, then relaxes as the body settles into the sitting position; Hip: Bends at the hip joint to lower the torso toward the seat; Leg: Bends at the knee joint as the body descends into the seated position; Foot: Can adjust position for stability, often remaining flat on the ground or lifting slightly as the weight shifts.",77,12,77,12,77,12,583,106
8,Standing up (from sitting position),"""Standing up (from sitting position)"" involves transitioning from a seated position to an upright position by pushing up with the legs.","""Standing up (from sitting position)"" involves transitioning from a seated position to an upright position by pushing up with the legs.","""Standing up (from sitting position)"" involves transitioning from a seated position to an upright position by pushing up with the legs.","stand up; Head: Lifts slightly, often turning to look in the direction of movement; Hand: May push off a surface, such as a chair or the ground, for support; Arm: Assists in pushing the body upward by pushing off a surface or swinging upward for balance; Hip: Straightens as the body lifts, providing support and stability; Leg: Extends at the knee joint, lifting the body's weight; Foot: Pushes against the ground to provide leverage for standing, with the heel often lifting first followed by the rest of the foot.",135,21,135,21,135,21,516,89
9,Clapping,"""Clapping"" involves striking one's palms together to make a sound, typically as a form of applause or approval.","""Clapping"" involves striking one's palms together to make a sound, typically as a form of applause or approval.","""Clapping"" involves striking one's palms together to make a sound, typically as a form of applause or approval.","clapping; Head: Generally faces forward, but may turn slightly towards the direction of the applause; Hand: Strikes together in a rhythmic motion to create the clapping sound; Arm: Swings back and forth to bring the hands together for each clap; Hip: Usually remains stationary during clapping, providing stability to the upper body; Leg: May slightly shift weight from one leg to the other for balance; Foot: Typically remains planted on the ground, providing stability while clapping.",111,18,111,18,111,18,486,76
10,Reading,"""Reading"" involves interpreting and understanding written or printed words and symbols.","""Reading"" involves interpreting and understanding written or printed words and symbols.","""Reading"" involves interpreting and understanding written or printed words and symbols.","reading; Head: Usually faces forward, with eyes scanning the text on the page or screen; Hand: Holds the book, tablet, or other reading material, turning pages as necessary; Arm: Supports the weight of the book or device and may turn pages or scroll; Hip: Maintains a comfortable sitting or standing position while reading; Leg: Can be crossed or resting on the ground, providing support and stability; Foot: Typically remains in place, supporting the leg and body while reading.",87,11,87,11,87,11,479,78
11,Writing,"""Writing"" involves using a pen, pencil, or other writing tool to create letters, words, or symbols on a surface such as paper or a screen.","""Writing"" involves using a pen, pencil, or other writing tool to create letters, words, or symbols on a surface such as paper or a screen.","""Writing"" involves using a pen, pencil, or other writing tool to create letters, words, or symbols on a surface such as paper or a screen.","writing; Head: Often leans slightly forward or to the side, focusing on the writing surface; Hand: Holds the writing tool (pen, pencil, etc.) and guides it across the paper or screen; Arm: Moves in conjunction with the hand, providing support and control for writing; Hip: Typically remains stationary, providing stability while seated or standing; Leg: Can be crossed or resting on the ground, providing support and stability; Foot: Generally remains in place, supporting the leg and body while writing.",138,25,138,25,138,25,504,79
12,Tear up paper,"""Tear up paper"" involves using one's hands to rip apart paper into smaller pieces.","""Tear up paper"" involves using one's hands to rip apart paper into smaller pieces.","""Tear up paper"" involves using one's hands to rip apart paper into smaller pieces.","tear up paper; Head: Might tilt slightly forward to focus on the paper being torn; Hand: Grasps the paper firmly and applies pressure to tear it; Arm: Moves in a controlled motion to tear the paper, using strength and coordination; Hip: Often remains stationary, providing stability to the upper body during the tearing process; Leg: Can shift weight slightly for balance or stability, especially if standing while tearing paper; Foot: Generally remains in place, providing support to the leg and body during the activity.",82,14,82,14,82,14,522,84
13,Wear jacket,"""Wear jacket"" is the act of putting on a garment designed to cover the upper body and arms.","""Wear jacket"" is the act of putting on a garment designed to cover the upper body and arms.","""Wear jacket"" is the act of putting on a garment designed to cover the upper body and arms.","put on jacket; Head: May lean slightly forward or tilt to one side to allow the jacket to slip on more easily; Hand: Grasps the edges of the jacket collar or sleeves to guide them onto the arms; Arm: Slides into the sleeves of the jacket one at a time, with the hand leading the way; Hip: May shift slightly to accommodate the movement of the arms and shoulders as the jacket is put on; Leg: Generally remains in place but may shift weight slightly for balance; Foot: Usually remains planted on the ground, providing stability while putting on the jacket.",91,18,91,18,91,18,555,101
14,Take off jacket,"""Take off jacket"" involves removing a jacket or outer garment from one's body.","""Take off jacket"" involves removing a jacket or outer garment from one's body.","""Take off jacket"" involves removing a jacket or outer garment from one's body.","take off jacket; Head: Often remains upright or may tilt slightly forward as the jacket is removed; Hand: Grasps the edges of the jacket or reaches for the zipper to start the removal process; Arm: Pulls one arm out of the sleeve at a time, with the hand leading the way; Hip: May shift slightly to accommodate the movement of the arms and shoulders as the jacket is taken off; Leg: Generally remains in place but may shift weight slightly for balance; Foot: Usually remains planted on the ground, providing stability while taking off the jacket.",78,13,78,13,78,13,546,96
15,Wear a shoe,"""Wear a shoe"" involves putting a shoe onto one's foot for protection or fashion purposes.","""Wear a shoe"" involves putting a shoe onto one's foot for protection or fashion purposes.","""Wear a shoe"" involves putting a shoe onto one's foot for protection or fashion purposes.","put on a shoe; Head: Generally remains upright, with perhaps a slight tilt downwards to watch the process; Hand: Grabs the shoe and holds it steady while guiding the foot into it; Arm: May assist by holding the shoe or offering support to maintain balance; Hip: Often remains stable, providing a solid base for the body during the shoe-putting process; Leg: Lifts slightly as the foot slides into the shoe, then lowers once it's in place; Foot: Slides into the shoe, pressing against the heel and toe to ensure a snug fit.",89,15,89,15,89,15,522,92
16,Take off a shoe,"""Take off a shoe"" involves removing a shoe from one's foot using one's hands.","""Take off a shoe"" involves removing a shoe from one's foot using one's hands.","""Take off a shoe"" involves removing a shoe from one's foot using one's hands.","take off a shoe; Head: Often remains upright, with perhaps a slight tilt downwards to watch the process; Hand: Reaches down to grasp the shoe and holds it steady while guiding it off the foot; Arm: May assist by holding the shoe or offering support to maintain balance; Hip: Often remains stable, providing a solid base for the body during the shoe removal process; Leg: Lifts slightly as the foot is pulled out of the shoe, then lowers once it's free; Foot: Slides out of the shoe, with the heel lifting first followed by the rest of the foot.",77,14,77,14,77,14,544,99
17,Wear on glasses,"""Wear on glasses"" involves putting eyeglasses or spectacles on one's face to correct vision or protect the eyes.","""Wear on glasses"" involves putting eyeglasses or spectacles on one's face to correct vision or protect the eyes.","""Wear on glasses"" involves putting eyeglasses or spectacles on one's face to correct vision or protect the eyes.","put on glasses; Head: Tilts slightly forward or remains upright to facilitate the placement of the glasses on the face; Hand: Grasps the glasses by the frames or temples; Arm: Raises the glasses towards the face, positioning them in front of the eyes; Hip: Generally remains stationary, providing stability to the upper body during the process; Leg: May shift weight slightly for balance, especially if standing or adjusting position; Foot: Typically remains in place, providing support to the leg and body while putting on the glasses.",112,18,112,18,112,18,536,86
18,Take off glasses,"""Take off glasses"" involves removing eyeglasses from one's face with one's hands.","""Take off glasses"" involves removing eyeglasses from one's face with one's hands.","""Take off glasses"" involves removing eyeglasses from one's face with one's hands.","take off glasses; Head: May tilt slightly forward or remain upright as the glasses are removed; Hand: Grasps the glasses by the frames or temples; Arm: Lowers the glasses away from the face, allowing them to be taken off; Hip: Generally remains stationary, providing stability to the upper body during the process; Leg: May shift weight slightly for balance, especially if standing or adjusting position; Foot: Typically remains in place, providing support to the leg and body while taking off the glasses.",81,12,81,12,81,12,506,82
19,Put on a hat/cap,"""Put on a hat/cap"" involves placing headwear over one's head, typically for protection from the sun.","""Put on a hat/cap"" involves placing headwear over one's head, typically for protection from the sun.","""Put on a hat/cap"" involves placing headwear over one's head, typically for protection from the sun.","put on a hat/cap; Head: Bends slightly forward or remains upright to position the hat correctly; Hand: Holds the hat by its brim or crown, preparing to place it on the head; Arm: Lifts the hat towards the head, guiding it into position; Hip: Often remains stationary, providing stability to the upper body during the process; Leg: May shift weight slightly for balance, especially if standing or adjusting position; Foot: Typically remains in place, providing support to the leg and body while putting on the hat or cap.",100,16,100,16,100,16,520,88
20,Take off a hat/cap,"""Take off a hat/cap"" involves removing a piece of headwear from one's head, typically by lifting or pulling it off.","""Take off a hat/cap"" involves removing a piece of headwear from one's head, typically by lifting or pulling it off.","""Take off a hat/cap"" involves removing a piece of headwear from one's head, typically by lifting or pulling it off.","take off a hat/cap; Head: May tilt slightly forward or remain upright as the hat is removed; Hand: Grasps the hat by its brim or crown, preparing to lift it off; Arm: Raises the hat away from the head, guiding it off; Hip: Often remains stationary, providing stability to the upper body during the process; Leg: May shift weight slightly for balance, especially if standing or adjusting position; Foot: Typically remains in place, providing support to the leg and body while taking off the hat or cap.",115,20,115,20,115,20,501,87
21,Cheer up,"""Cheer up"" involves trying to make oneself or someone else feel more positive or happy.","""Cheer up"" involves trying to make oneself or someone else feel more positive or happy.","""Cheer up"" involves trying to make oneself or someone else feel more positive or happy.","cheer up; Head: Lifts slightly, with a smile or a bright expression on the face; Hand: Raises into the air or claps together enthusiastically; Arm: Extends upward or outward in celebration; Hip: May sway or move rhythmically in excitement; Leg: Can jump or bounce with energy; Foot: May tap or stomp in excitement or happiness.",87,15,87,15,87,15,327,55
22,Hand waving,"""Hand waving"" is a gesture involving moving one's hand or hands to signal, greet, or draw attention.","""Hand waving"" is a gesture involving moving one's hand or hands to signal, greet, or draw attention.","""Hand waving"" is a gesture involving moving one's hand or hands to signal, greet, or draw attention.","hand waving; Head: Might turn slightly to acknowledge the person being waved at or to follow the motion of the hand; Hand: Moves back and forth in a greeting gesture, typically with the palm facing outward; Arm: Swings in conjunction with the hand, helping to propel the waving motion; Hip: Generally remains stationary, providing stability to the upper body; Leg: Can shift slightly for balance, especially if the waving motion is energetic; Foot: Typically remains in place, providing support to the leg and body during the waving motion.",100,17,100,17,100,17,540,88
23,Kicking something,"""Kicking something"" is a human action that involves striking an object with the foot.","""Kicking something"" is a human action that involves striking an object with the foot.","""Kicking something"" is a human action that involves striking an object with the foot.","kicking something; Head: Typically remains stable and focused on the target or direction of the kick; Hand: Often remains by the side or may be used for balance, especially if the kick requires precision or power; Arm: Can swing slightly for balance or momentum, but primarily stays by the side; Hip: Rotates slightly to provide power and momentum to the kicking leg; Leg: Extends forward rapidly, with the knee bending and the foot making contact with the object being kicked; Foot: Strikes the object with force, then retracts quickly to maintain balance and prepare for the next movement.",85,14,85,14,85,14,591,98
24,Reach into pocket,"""Reach into pocket"" is the act of extending one's hand into a pocket to retrieve an item or to adjust the pocket contents.","""Reach into pocket"" is the act of extending one's hand into a pocket to retrieve an item or to adjust the pocket contents.","""Reach into pocket"" is the act of extending one's hand into a pocket to retrieve an item or to adjust the pocket contents.","reach into pocket; Head: May tilt slightly forward or to the side to watch the hand as it reaches into the pocket; Hand: Extends towards the pocket, fingers ready to grasp whatever is inside; Arm: Moves in conjunction with the hand, guiding it into the pocket; Hip: Often remains stable, providing a base for the arm to reach into the pocket; Leg: May slightly shift weight for balance or stability during the reaching motion; Foot: Typically remains in place, providing support to the leg and body while reaching into the pocket.",122,23,122,23,122,23,530,91
25,Hopping (one foot jumping),"""Hopping (one foot jumping)"" is a human action that involves jumping repeatedly on one foot.","""Hopping (one foot jumping)"" is a human action that involves jumping repeatedly on one foot.","""Hopping (one foot jumping)"" is a human action that involves jumping repeatedly on one foot.","hopping; Head: Generally stays level, with eyes focused on the direction of movement; Hand: Often stays by the side for balance, but may move slightly to aid in stabilizing the body; Arm: Can swing gently to assist in maintaining balance while hopping; Hip: Moves in coordination with the leg to provide propulsion and stability; Leg: Extends and pushes off the ground to propel the body upwards during the hop; Foot: Lifts off the ground, providing the push needed for the hop, then lands again to absorb the impact.",92,15,92,15,92,15,517,88
26,Jumping up,"""Jumping up"" involves leaping upward from a standing position as part of physical training.","""Jumping up"" involves leaping upward from a standing position as part of physical training.","""Jumping up"" involves leaping upward from a standing position as part of physical training.","jump up; Head: May tilt slightly upwards as the body prepares to jump; Hand: Often stays by the side or may swing slightly for balance during the jump; Arm: Can swing gently to aid in propulsion and balance during the jump; Hip: Bends slightly to provide power and momentum for the jump; Leg: Bends at the knee, then extends forcefully to propel the body upwards; Foot: Pushes off the ground with force, providing the main thrust for the jump.",91,14,91,14,91,14,443,79
27,Make a phone call/Answer phone,"""Make a phone call/Answer phone"" involves using a phone to either initiate or receive a phone conversation.","""Make a phone call/Answer phone"" involves using a phone to either initiate or receive a phone conversation.","""Make a phone call/Answer phone"" involves using a phone to either initiate or receive a phone conversation.","phone call; Head: Typically remains upright, with the ear positioned close to the phone's speaker; Hand: Holds the phone securely, bringing it to the ear or holding it in front of the mouth; Arm: Supports the weight of the phone and may adjust its position for comfort during the call; Hip: Often remains stationary, providing stability to the upper body during the call; Leg: Can be crossed or resting on the ground, providing support and stability; Foot: Typically remains in place, providing support to the leg and body during the call.",107,17,107,17,107,17,539,91
28,Playing with phone/tablet,"""Playing with phone/tablet"" involves manipulating electronic devices through various interactions such as tapping, swiping, or scrolling.","""Playing with phone/tablet"" involves manipulating electronic devices through various interactions such as tapping, swiping, or scrolling.","""Playing with phone/tablet"" involves manipulating electronic devices through various interactions such as tapping, swiping, or scrolling.","play with phone/tablet; Head: May tilt slightly downwards to focus on the screen of the device; Hand: Holds the phone or tablet securely and controls its movements, such as tapping or swiping; Arm: Supports the weight of the device and may adjust its position for comfort during use; Hip: Often remains stationary, providing stability to the upper body; Leg: Can be crossed or resting on the ground, providing support and stability; Foot: Typically remains in place, providing support to the leg and body while using the phone or tablet.",137,16,137,16,137,16,537,89
29,Typing on a keyboard,"""Typing on a keyboard"" is the act of pressing keys on a keyboard to input information or commands into a computer or other electronic device.","""Typing on a keyboard"" is the act of pressing keys on a keyboard to input information or commands into a computer or other electronic device.","""Typing on a keyboard"" is the act of pressing keys on a keyboard to input information or commands into a computer or other electronic device.","type on a keyboard; Head: Typically remains upright, with eyes focused on the screen or keyboard; Hand: Moves fingers to press keys on the keyboard; Arm: Supports the weight of the hand and provides stability during typing; Hip: Often remains stationary, providing stability to the upper body; Leg: Can be crossed or resting on the ground, providing support and stability; Foot: Typically remains in place, providing support to the leg and body while typing.",141,25,141,25,141,25,458,74
30,Pointing to something with finger,"""Pointing to something with finger"" involves extending the arm and using the finger to indicate or draw attention to a specific object or location.","""Pointing to something with finger"" involves extending the arm and using the finger to indicate or draw attention to a specific object or location.","""Pointing to something with finger"" involves extending the arm and using the finger to indicate or draw attention to a specific object or location.","point to something; Head: May turn slightly to direct attention towards the object being pointed at; Hand: Extends the index finger towards the object, pointing in its direction; Arm: Moves in conjunction with the hand, guiding it to point accurately; Hip: Often remains stable, providing a base for the arm to move freely; Leg: Can shift weight slightly for balance or to adjust position; Foot: Typically remains in place, providing support to the leg and body while pointing.",147,24,147,24,147,24,477,78
31,Taking a selfie,"""Taking a selfie"" is using a camera to take a self-portrait photograph, typically for sharing on social media or personal keepsake.","""Taking a selfie"" is using a camera to take a self-portrait photograph, typically for sharing on social media or personal keepsake.","""Taking a selfie"" is using a camera to take a self-portrait photograph, typically for sharing on social media or personal keepsake.","taking a selfie; Head: May tilt slightly to find the best angle or position for the selfie; Hand: Holds the phone or camera at arm's length, ready to take the photo; Arm: Extends outward to hold the phone or camera, positioning it for the selfie; Hip: Often remains stable, providing a base for the body while taking the photo; Leg: Can shift weight slightly for balance or to adjust position; Foot: Typically remains in place, providing support to the leg and body while taking the selfie.",131,21,131,21,131,21,490,86
32,Checking time (from watch),"""Checking time (from watch)"" involves looking at a wristwatch or other timekeeping device to determine the current time.","""Checking time (from watch)"" involves looking at a wristwatch or other timekeeping device to determine the current time.","""Checking time (from watch)"" involves looking at a wristwatch or other timekeeping device to determine the current time.","check time (from watch); Head: Tilts slightly downwards or to the side to glance at the watch face; Hand: Raises and rotates the wrist to bring the watch face into view; Arm: Moves in conjunction with the hand, positioning the watch for easy viewing; Hip: Generally remains stable, providing a base for the body during the action; Leg: Can shift weight slightly for balance or to adjust position; Foot: Typically remains in place, providing support to the leg and body while checking the time.",120,18,120,18,120,18,493,84
33,Rubbing two hands together,"""Rubbing two hands together"" involves moving one's hands back and forth against each other, often for warmth.","""Rubbing two hands together"" involves moving one's hands back and forth against each other, often for warmth.","""Rubbing two hands together"" involves moving one's hands back and forth against each other, often for warmth.","rub two hands; Head: Often stays upright, with the eyes potentially focused on the hands or elsewhere; Hand: Rubs against the other hand, creating friction and warmth; Arm: Moves in coordination with the hands, providing the motion for rubbing; Hip: Generally remains stable, providing a base for the upper body; Leg: Can shift slightly for comfort or balance, but typically stays in place; Foot: Typically remains in place, providing support to the leg and body during the action.",109,17,109,17,109,17,481,78
34,Nod headbow,"""Nod headbow"" involves lowering one's head briefly in a sign of respect, greeting, or acknowledgment.","""Nod headbow"" involves lowering one's head briefly in a sign of respect, greeting, or acknowledgment.","""Nod headbow"" involves lowering one's head briefly in a sign of respect, greeting, or acknowledgment.","nod head/bow; Head: Bows forward or tilts downward in a nodding motion; Hand: Typically remains by the side or may be used for balance, especially during a deep bow; Arm: Can hang by the side or may be placed across the chest, depending on the depth of the bow; Hip: Often remains stable, providing a base for the upper body; Leg: Can step forward or shift weight slightly for balance, especially during a deeper bow; Foot: Typically remains in place, providing support to the leg and body during the action.",101,15,101,15,101,15,508,90
35,Shake head,"""Shake head"" is moving the head from side to side in a rapid or deliberate manner, often to indicate disagreement.","""Shake head"" is moving the head from side to side in a rapid or deliberate manner, often to indicate disagreement.","""Shake head"" is moving the head from side to side in a rapid or deliberate manner, often to indicate disagreement.","shake head; Head: Moves from side to side in a horizontal motion; Hand: Typically remains by the side or may be used for balance, especially if the shaking motion is vigorous; Arm: Can hang by the side or may move slightly to accompany the motion of the head; Hip: Often remains stable, providing a base for the upper body; Leg: Can shift weight slightly for balance, especially if the shaking motion is forceful; Foot: Typically remains in place, providing support to the leg and body during the action.",114,20,114,20,114,20,504,88
36,Wiping face,"""Wiping face"" involves using a cloth or one's hands to remove dirt, sweat, or moisture from one's face.","""Wiping face"" involves using a cloth or one's hands to remove dirt, sweat, or moisture from one's face.","""Wiping face"" involves using a cloth or one's hands to remove dirt, sweat, or moisture from one's face.","wipe face; Head: May tilt slightly to one side or lean forward to facilitate the wiping motion; Hand: Holds a tissue, cloth, or handkerchief and makes contact with the face to wipe away sweat, dirt, or moisture; Arm: Moves the hand in a gentle wiping motion across the face, covering areas like the forehead, cheeks, or chin; Hip: Often remains stationary, providing stability to the upper body during the wiping process; Leg: Can shift weight slightly for balance or comfort, especially if standing or adjusting position; Foot: Typically remains in place, providing support to the leg and body while wiping the face.",103,18,103,18,103,18,617,102
37,Salute,"""Salute"" is a gesture of respect or greeting, typically performed by raising one's hand to the forehead or brim of a hat.","""Salute"" is a gesture of respect or greeting, typically performed by raising one's hand to the forehead or brim of a hat.","""Salute"" is a gesture of respect or greeting, typically performed by raising one's hand to the forehead or brim of a hat.","salute; Head: Tilts slightly upward or remains upright, often facing forward; Hand: Raises to the forehead or eyebrow level, with fingers extended and held together; Arm: Lifts the hand in a swift and straight motion towards the head; Hip: Generally remains stationary, providing stability to the upper body during the salute; Leg: Can remain straight or may slightly bend at the knee for balance; Foot: Typically remains in place, providing support to the leg and body during the salute.",121,22,121,22,121,22,488,79
38,Putting the palms together,"""Putting the palms together"" is the act of pressing one's hands together, often as a sign of respect, greeting, or prayer.","""Putting the palms together"" is the act of pressing one's hands together, often as a sign of respect, greeting, or prayer.","""Putting the palms together"" is the act of pressing one's hands together, often as a sign of respect, greeting, or prayer.","put palms together; Head: Generally remains upright, with eyes potentially focused on the hands or elsewhere; Hand: Brings both palms together, fingers aligned and facing each other; Arm: Moves the hands towards each other, bringing the palms together; Hip: Typically remains stable, providing a base for the upper body; Leg: Can shift weight slightly for balance or comfort; Foot: Typically remains in place, providing support to the leg and body during the action.",122,21,122,21,122,21,466,73
39,Crossing hands in front (saying stop),"""Crossing hands in front (saying stop)"" is a gesture where one crosses their arms in front of their body and says ""stop"".","""Crossing hands in front (saying stop)"" is a gesture where one crosses their arms in front of their body and says ""stop"".","""Crossing hands in front (saying stop)"" is a gesture where one crosses their arms in front of their body and says ""stop"".","cross hands in front; Head: Generally remains upright, with eyes potentially focused on the hands or elsewhere; Hand: Crosses one hand over the other, fingers may interlace or rest on the opposite arm; Arm: Crosses one arm over the other, typically at the wrists or forearms; Hip: Often remains stable, providing a base for the upper body; Leg: Can shift weight slightly for balance or comfort; Foot: Typically remains in place, providing support to the leg and body during the action.",121,22,121,22,121,22,485,81
40,Sneeze/cough,"""Sneeze/cough"" is the involuntary or deliberate act of expelling air and sometimes mucus from the nose and mouth, typically due to illness or irritation.","""Sneeze/cough"" is the involuntary or deliberate act of expelling air and sometimes mucus from the nose and mouth, typically due to illness or irritation.","""Sneeze/cough"" is the involuntary or deliberate act of expelling air and sometimes mucus from the nose and mouth, typically due to illness or irritation.","sneeze/cough; Head: May tilt slightly forward or downwards as the body prepares for the sneeze or cough; Hand: Can cover the mouth and nose to contain the sneeze or cough, or may be used to hold a tissue or handkerchief; Arm: Moves in conjunction with the hand to cover the mouth and nose; Hip: Typically remains stable, providing a base for the upper body during the sneeze or cough; Leg: Can shift weight slightly for balance or comfort; Foot: Typically remains in place, providing support to the leg and body during the action.",153,24,153,24,153,24,530,93
41,Staggering,"""Staggering"" is the unsteady movement or swaying of the body, usually caused by intoxication, dizziness, or fatigue.","""Staggering"" is the unsteady movement or swaying of the body, usually caused by intoxication, dizziness, or fatigue.","""Staggering"" is the unsteady movement or swaying of the body, usually caused by intoxication, dizziness, or fatigue.","staggering; Head: Might sway or tilt slightly, possibly struggling to maintain balance; Hand: May reach out for support or attempt to stabilize the body by grasping onto nearby objects; Arm: Can swing or flail in an uncoordinated manner as the body tries to regain balance; Hip: Often shifts from side to side as the body struggles to maintain equilibrium; Leg: May step unevenly or buckle under the weight, causing an unsteady gait; Foot: Can land awkwardly or stumble as the person attempts to walk or stand.",116,17,116,17,116,17,510,86
42,Falling,"""Falling"" is the sudden loss of balance resulting in a person dropping or collapsing to the ground or a lower surface.","""Falling"" is the sudden loss of balance resulting in a person dropping or collapsing to the ground or a lower surface.","""Falling"" is the sudden loss of balance resulting in a person dropping or collapsing to the ground or a lower surface.","falling down; Head: Often tilts backwards or to the side as the body loses balance; Hand: Can reach out in an attempt to grab onto something for support or to break the fall; Arm: May flail or extend outward in an instinctive effort to regain balance or cushion the fall; Hip: Typically shifts suddenly as the body begins to lose stability; Leg: May buckle or give way under the weight of the body, contributing to the fall; Foot: Often loses contact with the ground or may land awkwardly as the person begins to fall.",118,21,118,21,118,21,518,94
43,Touching head (headache),"""Touching head (headache)"" involves placing one's hands on the head to alleviate pain or discomfort in the head or neck area.","""Touching head (headache)"" involves placing one's hands on the head to alleviate pain or discomfort in the head or neck area.","""Touching head (headache)"" involves placing one's hands on the head to alleviate pain or discomfort in the head or neck area.","headache; Head: Might be held or massaged as the person tries to alleviate the pain; Hand: Can be used to hold the head or apply pressure to specific areas to relieve discomfort; Arm: May reach for medication or a cold compress to help alleviate the headache; Hip: Often remains stable, providing support to the upper body during discomfort; Leg: Can adjust position for comfort, but typically stays in a resting position; Foot: Generally remains in place, providing support while the person tries to find relief from the headache.",125,21,125,21,125,21,531,88
44,Touching chest (stomachache/heart pain),"""Touching chest (stomachache/heart pain)"" is a human action that involves placing a hand on the chest to alleviate discomfort or pain in the chest area.","""Touching chest (stomachache/heart pain)"" is a human action that involves placing a hand on the chest to alleviate discomfort or pain in the chest area.","""Touching chest (stomachache/heart pain)"" is a human action that involves placing a hand on the chest to alleviate discomfort or pain in the chest area.","chest pain; Head: May tilt slightly forward or to the side as the person focuses on the pain or seeks help; Hand: Might clutch at the chest or move towards it in an attempt to alleviate or gauge the severity of the pain; Arm: Can support the body or be used to hold onto nearby objects for stability; Hip: Often remains stable, providing a base for the upper body during discomfort; Leg: Can adjust position for comfort, but typically stays in a resting position; Foot: Generally remains in place, providing support while the person deals with the chest pain.",152,25,152,25,152,25,559,99
45,Touching back (backache),"""Touching back (backache)"" involves placing one's hands on the back to alleviate or investigate pain, discomfort, or tension in the back.","""Touching back (backache)"" involves placing one's hands on the back to alleviate or investigate pain, discomfort, or tension in the back.","""Touching back (backache)"" involves placing one's hands on the back to alleviate or investigate pain, discomfort, or tension in the back.","back pain; Head: May tilt slightly forward or to the side as the person tries to find a more comfortable position; Hand: Might reach back to touch or support the affected area of the back; Arm: Can assist in supporting the body or reaching for objects to help alleviate the pain; Hip: Often remains stable, providing a base for the upper body during discomfort; Leg: Can adjust position for comfort, but typically stays in a resting position; Foot: Generally remains in place, providing support while the person deals with the back pain.",137,21,137,21,137,21,537,92
46,Touching neck (neckache),"""Touching neck (neckache)"" refers to the action of pressing or rubbing the neck with one's hands, often to relieve pain or discomfort in the neck area.","""Touching neck (neckache)"" refers to the action of pressing or rubbing the neck with one's hands, often to relieve pain or discomfort in the neck area.","""Touching neck (neckache)"" refers to the action of pressing or rubbing the neck with one's hands, often to relieve pain or discomfort in the neck area.","neck pain; Head: May tilt slightly to one side or forward in an attempt to alleviate discomfort; Hand: Might reach up to gently massage or support the neck; Arm: Can assist in supporting the head or reaching for objects to help alleviate the pain; Hip: Often remains stable, providing a base for the upper body during discomfort; Leg: Can adjust position for comfort, but typically stays in a resting position; Foot: Generally remains in place, providing support while the person deals with the neck pain.",151,26,151,26,151,26,505,85
47,Nausea or vomiting,"""Nausea or vomiting"" is a condition characterized by the urge to vomit or the act of forcefully expelling stomach contents through the mouth.","""Nausea or vomiting"" is a condition characterized by the urge to vomit or the act of forcefully expelling stomach contents through the mouth.","""Nausea or vomiting"" is a condition characterized by the urge to vomit or the act of forcefully expelling stomach contents through the mouth.","nausea/vomiting; Head: May bow forward or lean over a surface in anticipation of vomiting; Hand: Can cover the mouth or hold onto a container for vomiting; Arm: May extend to support the body or hold onto nearby objects for stability; Hip: Often remains stable, providing a base for the upper body during the episode; Leg: Can adjust position for comfort or stability, but typically stays in a resting position; Foot: Generally remains in place, providing support while the person deals with nausea or vomiting.",141,23,141,23,141,23,511,84
48,Using a fan (with hand or paper),"""Using a fan (with hand or paper) to feel warm"" involves creating airflow with a handheld or paper fan for the purpose of cooling down.","""Using a fan (with hand or paper) to feel warm"" involves creating airflow with a handheld or paper fan for the purpose of cooling down.","""Using a fan (with hand or paper) to feel warm"" involves creating airflow with a handheld or paper fan for the purpose of cooling down.","fan self; Head: May tilt slightly back to expose the face and neck to the moving air; Hand: Holds the fan and moves it back and forth in front of the face or body; Arm: Moves in conjunction with the hand, providing the motion for fanning; Hip: Often remains stable, providing a base for the upper body during the fanning motion; Leg: Can shift weight slightly for balance or comfort; Foot: Typically remains in place, providing support to the leg and body while fanning.",135,25,135,25,135,25,470,84
49,Punching/Slapping other person,"""Punching/Slapping other person"" is the act of striking another person with one's fist or open hand, respectively, typically for physical harm or aggression.","""Punching/Slapping other person"" is the act of striking another person with one's fist or open hand, respectively, typically for physical harm or aggression.","""Punching/Slapping other person"" is the act of striking another person with one's fist or open hand, respectively, typically for physical harm or aggression.","punch/slap; Head: Typically remains steady or may turn slightly in the direction of the punch or slap; Hand: Makes contact with the target area with force, whether in a closed fist for punching or an open palm for slapping; Arm: Extends outward to deliver the punch or slap, with the shoulder providing power and momentum; Hip: May rotate or shift slightly to add force to the punch or slap, especially for punches delivered with the entire body; Leg: Can provide stability and balance, with the stance adjusting depending on the force of the punch or slap; Foot: Typically remains grounded to provide a solid base, but may pivot or shift weight depending on the movement.",157,23,157,23,157,23,672,115
50,Kicking other person,"""Kicking other person"" involves striking another person with one's foot, often for physical harm or aggression.","""Kicking other person"" involves striking another person with one's foot, often for physical harm or aggression.","""Kicking other person"" involves striking another person with one's foot, often for physical harm or aggression.","kicking; Head: Typically remains steady, although it may turn slightly to follow the target; Hand: Often remains by the side for balance, but may move to guard the face or aid in stability; Arm: Can swing in the opposite direction of the kick for balance or can be used for defense; Hip: Rotates to generate power for the kick, especially in kicks that involve the entire body; Leg: Extends forward with force, making contact with the target; Foot: Strikes the target with the desired force, whether with the ball, instep, or heel, depending on the type of kick.",111,16,111,16,111,16,562,98
51,Pushing other person,"""Pushing other person"" involves applying force to another person with one's body, typically with the intent to move or manipulate them.","""Pushing other person"" involves applying force to another person with one's body, typically with the intent to move or manipulate them.","""Pushing other person"" involves applying force to another person with one's body, typically with the intent to move or manipulate them.","pushing; Head: Typically remains steady, although it may lean slightly forward to provide momentum; Hand: Applies force against the object or person being pushed; Arm: Extends outward to transfer the force from the hand to the target; Hip: May shift slightly forward or to the side to add power to the push; Leg: Can push against the ground to provide stability and power to the push; Foot: Provides the foundation for the leg to push against the ground, ensuring balance and support during the action.",135,21,135,21,135,21,502,85
52,Patting on back of other person,"""Patting on back of other person"" is the act of lightly striking or tapping another person's back with one's hand.","""Patting on back of other person"" is the act of lightly striking or tapping another person's back with one's hand.","""Patting on back of other person"" is the act of lightly striking or tapping another person's back with one's hand.","pat on back; Head: Typically remains upright or may tilt slightly forward to observe the action; Hand: Makes contact with the other person's back in a gentle tapping motion; Arm: Moves in conjunction with the hand to deliver the pat on the back; Hip: Often remains stable, providing a base for the upper body during the action; Leg: Can shift weight slightly for balance or comfort; Foot: Typically remains in place, providing support to the leg and body while patting someone on the back.",114,20,114,20,114,20,489,84
53,Pointing finger at the other person,"""Pointing finger at the other person"" involves extending one's finger towards another person, typically to indicate something or express disapproval.","""Pointing finger at the other person"" involves extending one's finger towards another person, typically to indicate something or express disapproval.","""Pointing finger at the other person"" involves extending one's finger towards another person, typically to indicate something or express disapproval.","point finger; Head: May turn slightly to direct attention toward the direction of the finger; Hand: Extends the index finger outward, pointing in the desired direction; Arm: Moves in conjunction with the hand to guide the pointing motion; Hip: Often remains stable, providing a base for the upper body during the action; Leg: Can shift weight slightly for balance or comfort; Foot: Typically remains in place, providing support to the leg and body while pointing.",149,20,149,20,149,20,463,75
54,Hugging other person,"""Hugging other person"" involves embracing another person with one's arms, often as a gesture of affection or comfort.","""Hugging other person"" involves embracing another person with one's arms, often as a gesture of affection or comfort.","""Hugging other person"" involves embracing another person with one's arms, often as a gesture of affection or comfort.","hugging; Head: May lean slightly to one side or rest against the other person's shoulder; Hand: Typically wraps around the other person's back, shoulder, or waist; Arm: Encircles the other person in a gentle embrace, often crossing over their back; Hip: May tilt slightly forward to bring the body closer during the hug; Leg: Can shift weight slightly for balance or comfort, especially if standing; Foot: Typically remains in place, providing support to the leg and body during the hug.",117,18,117,18,117,18,487,80
55,Giving something to other person,"""Giving something to other person"" involves transferring an object or item to another person, typically as a gift or as part of an exchange.","""Giving something to other person"" involves transferring an object or item to another person, typically as a gift or as part of an exchange.","""Giving something to other person"" involves transferring an object or item to another person, typically as a gift or as part of an exchange.","giving object; Head: May turn slightly to direct attention towards the recipient or the object being given; Hand: Offers the object to the recipient, extending it towards them; Arm: Moves in conjunction with the hand to deliver the object to the recipient; Hip: Often remains stable, providing a base for the upper body during the action; Leg: Can shift weight slightly for balance or comfort, especially if standing; Foot: Typically remains in place, providing support to the leg and body during the action of giving the object.",140,24,140,24,140,24,529,87
56,Touching other person's pocket,"""Touching other person's pocket"" involves coming into contact with or manipulating the pocket of another person's clothing.","""Touching other person's pocket"" involves coming into contact with or manipulating the pocket of another person's clothing.","""Touching other person's pocket"" involves coming into contact with or manipulating the pocket of another person's clothing.","touch pocket; Head: May turn slightly to observe the hand reaching towards the pocket; Hand: Moves towards the pocket to feel or retrieve something inside; Arm: Extends to reach the pocket, guiding the hand towards it; Hip: Often remains stable, providing a base for the upper body during the action; Leg: Can shift slightly for balance or comfort; Foot: Typically remains in place, providing support to the leg and body during the action of touching the pocket.",123,17,123,17,123,17,462,77
57,Handshaking,"""Handshaking"" involves greeting another person by clasping and shaking their hand, typically as a gesture of respect or friendliness.","""Handshaking"" involves greeting another person by clasping and shaking their hand, typically as a gesture of respect or friendliness.","""Handshaking"" involves greeting another person by clasping and shaking their hand, typically as a gesture of respect or friendliness.","shaking hands; Head: Typically remains steady, with a slight nod or tilt forward as a sign of acknowledgment; Hand: Extends forward to meet the other person's hand, clasping firmly for the handshake; Arm: Moves in conjunction with the hand, extending forward to meet the other person's hand; Hip: Often remains stable, providing a base for the upper body during the handshake; Leg: Can shift weight slightly for balance or comfort; Foot: Typically remains in place, providing support to the leg and body during the handshake.",133,19,133,19,133,19,525,85
58,Walking towards each other,"""Walking towards each other"" is the act of moving one's body towards another person while standing or walking.","""Walking towards each other"" is the act of moving one's body towards another person while standing or walking.","""Walking towards each other"" is the act of moving one's body towards another person while standing or walking.","walking towards; Head: Typically faces forward, scanning the path ahead; Hand: Swings naturally at the sides or may be used for balance; Arm: Swings in coordination with the opposite leg to maintain balance and rhythm; Hip: Moves in a gentle swaying motion, providing momentum for the steps; Leg: Alternates in a synchronized pattern, lifting and extending to propel the body forward; Foot: Makes contact with the ground, pushing off to take the next step in the walking motion.",110,18,110,18,110,18,478,78
59,Walking apart from each other,"""Walking apart from each other"" involves moving away from another person while standing or walking.","""Walking apart from each other"" involves moving away from another person while standing or walking.","""Walking apart from each other"" involves moving away from another person while standing or walking.","walking apart; Head: Generally faces forward, but may turn slightly to maintain awareness of the other person; Hand: Can hang loosely at the sides or may swing naturally with the movement; Arm: Typically swings in rhythm with the opposite leg, aiding in balance and momentum; Hip: May sway gently to the side opposite the direction of the steps, aiding in stability; Leg: Moves in a coordinated pattern with the arms, taking steps away from each other; Foot: Makes contact with the ground, providing support and propulsion for each step taken apart.",99,15,99,15,99,15,549,91
